c_id,project
2,HIV/AIDS International (HAB PEPFAR)
3,HIV/AIDS International (HAB PEPFAR)
4,"Maternal and Child Heath (MCHB, ACF)"
6,"Maternal and Child Heath (MCHB, ACF)"
7,HIV/AIDS Domestic (HAB Ryan White)
8,HIV/AIDS Domestic (HAB Ryan White)
13,HIV/AIDS Domestic (HAB Ryan White)
13,HIV/AIDS International (HAB PEPFAR)
14,HIV/AIDS International (HAB PEPFAR)
17,HIV/AIDS International (HAB PEPFAR)
18,Health Centers (BPHC)   
18,HIV/AIDS Domestic (HAB Ryan White)
18,HIV/AIDS International (HAB PEPFAR)
20,HIV/AIDS Domestic (HAB Ryan White)
22,HIV/AIDS International (HAB PEPFAR)
23,"Maternal and Child Heath (MCHB, ACF)"
23,"Maternal, Infant, and Early Childhood Home Visiting Program (MIECHV)"
23,Race to the Top
24,"Maternal and Child Heath (MCHB, ACF)"
25,HIV/AIDS Domestic (HAB Ryan White)
26,"Maternal and Child Heath (MCHB, ACF)"
26,Population Assessment of Tobacco and Health Study (PATH)
27,Health Centers (BPHC)   
27,HIV/AIDS Domestic (HAB Ryan White)
29,HIV/AIDS Domestic (HAB Ryan White)
30,HIV/AIDS International (HAB PEPFAR)
31,"Maternal and Child Heath (MCHB, ACF)"
32,HIV/AIDS Domestic (HAB Ryan White)
33,HIV/AIDS Domestic (HAB Ryan White)
38,HIV/AIDS International (HAB PEPFAR)
40,"Maternal and Child Heath (MCHB, ACF)"
41,"Maternal and Child Heath (MCHB, ACF)"
45,HIV/AIDS Domestic (HAB Ryan White)
47,"Maternal and Child Heath (MCHB, ACF)"
50,Environmental Protection Agency (EPA)
50,Evidence-based Home Visiting
50,Head Start
50,Health Centers (BPHC)   
50,Enterprise Resource Programs (ERP)
50,HIV/AIDS International (HAB PEPFAR)
50,"Maternal, Infant, and Early Childhood Home Visiting Program (MIECHV)"
50,Uniform Guidance (45 CFR Part 75)
52,Population Assessment of Tobacco and Health Study (PATH)
54,Population Assessment of Tobacco and Health Study (PATH)
55,Population Assessment of Tobacco and Health Study (PATH)
57,"Maternal and Child Heath (MCHB, ACF)"
58,Enterprise Resource Programs (ERP)
58,Evidence-based Home Visiting
58,"Maternal, Infant, and Early Childhood Home Visiting Program (MIECHV)"
58,Uniform Guidance (45 CFR Part 75)
59,HIV/AIDS Domestic (HAB Ryan White)
62,HIV/AIDS International (HAB PEPFAR)
65,HIV/AIDS International (HAB PEPFAR)
66,Health Centers (BPHC)   
67,"Maternal and Child Heath (MCHB, ACF)"
72,HIV/AIDS Domestic (HAB Ryan White)
73,Health Centers (BPHC)   
73,HIV/AIDS Domestic (HAB Ryan White)
73,HIV/AIDS International (HAB PEPFAR)
75,HIV/AIDS Domestic (HAB Ryan White)
77,HIV/AIDS International (HAB PEPFAR)
78,Population Assessment of Tobacco and Health Study (PATH)
82,Population Assessment of Tobacco and Health Study (PATH)
83,HIV/AIDS Domestic (HAB Ryan White)
84,HIV/AIDS International (HAB PEPFAR)
86,HIV/AIDS Domestic (HAB Ryan White)
86,HIV/AIDS International (HAB PEPFAR)
86,"Maternal and Child Heath (MCHB, ACF)"
87,Population Assessment of Tobacco and Health Study (PATH)
89,"Maternal and Child Heath (MCHB, ACF)"
89,"Maternal, Infant, and Early Childhood Home Visiting Program (MIECHV)"
90,HIV/AIDS Domestic (HAB Ryan White)
96,HIV/AIDS International (HAB PEPFAR)
116,HIV/AIDS International (HAB PEPFAR)
120,HIV/AIDS International (HAB PEPFAR)
136,HIV/AIDS Domestic (HAB Ryan White)
139,HIV/AIDS International (HAB PEPFAR)
145,Enterprise Resource Programs (ERP)
145,Evidence-based Home Visiting
145,Health Centers (BPHC)
145,HIV/AIDS Domestic (HAB Ryan White)
145,"Maternal, Infant, and Early Childhood Home Visiting Program (MIECHV)"
145,The HIV/AIDS Bureau (HAB)
145,Uniform Guidance (45 CFR Part 75)
147,HIV/AIDS International (HAB PEPFAR)
152,HIV/AIDS International (HAB PEPFAR)
155,HIV/AIDS International (HAB PEPFAR)
155,The Joint United Nations Programme on HIV/AIDS (UNAIDS)
156,HIV/AIDS Domestic (HAB Ryan White)
159,HIV/AIDS International (HAB PEPFAR)
162,Nursing Education Partnership Initiative (NEPI)
163,"Maternal, Infant, and Early Childhood Home Visiting Program (MIECHV)"
163,Uniform Guidance (45 CFR Part 75)
164,HIV/AIDS International (HAB PEPFAR)
166,HIV/AIDS International (HAB PEPFAR)
168,HIV/AIDS International (HAB PEPFAR)
181,Early Head Start
181,Enterprise Resource Programs (ERP)
181,Evidence-based Home Visiting
181,Head Start
181,Head Start Enterprise System
181,"Maternal, Infant, and Early Childhood Home Visiting Program (MIECHV)"
181,OMB A-133 Compliance Supplement
181,Uniform Guidance (2 CFR Part 200)
181,Uniform Guidance (45 CFR Part 75)
186,HIV/AIDS International (HAB PEPFAR)
189,HIV/AIDS International (HAB PEPFAR)
202,HIV/AIDS International (HAB PEPFAR)
206,HIV/AIDS International (HAB PEPFAR)
213,Evidence-based Home Visiting
213,Healthy Start Initiative
213,Linking Actions for Unmet Needs in Children’s Health (LAUNCH)
213,"Maternal and Child Heath (MCHB, ACF)"
213,"Maternal, Infant, and Early Childhood Home Visiting Program (MIECHV)"
214,Healthy Start Initiative
214,Home Visiting Collaborative Improvement and Innovation Network (HV CoIIN)
214,"Maternal, Infant, and Early Childhood Home Visiting Program (MIECHV)"
215,"Maternal, Infant, and Early Childhood Home Visiting Program (MIECHV)"
216,Environmental Protection Agency (EPA)
216,Healthy Start Initiative
216,"Maternal, Infant, and Early Childhood Home Visiting Program (MIECHV)"
217,Evidence-based Home Visiting
217,Home Instruction for Parents of Preschool Youngsters (HIPPY)
217,"Maternal, Infant, and Early Childhood Home Visiting Program (MIECHV)"
218,"Maternal, Infant, and Early Childhood Home Visiting Program (MIECHV)"
219,Early Head Start
219,Evidence-based Home Visiting
219,Healthy Families America (HFA)
219,"Maternal, Infant, and Early Childhood Home Visiting Program (MIECHV)"
219,Nurse-Family Partnership (NFP)
220,Evidence-based Home Visiting
220,Healthy Families America (HFA)
220,"Maternal, Infant, and Early Childhood Home Visiting Program (MIECHV)"
221,"Maternal, Infant, and Early Childhood Home Visiting Program (MIECHV)"
222,Evidence-based Home Visiting
222,"Maternal, Infant, and Early Childhood Home Visiting Program (MIECHV)"
223,Early Head Start
223,"Maternal, Infant, and Early Childhood Home Visiting Program (MIECHV)"
224,"Maternal, Infant, and Early Childhood Home Visiting Program (MIECHV)"
225,"Maternal, Infant, and Early Childhood Home Visiting Program (MIECHV)"
226,Community Services Block Grant (CSBG)
226,Early Head Start
226,Enterprise Resource Programs (ERP)
226,Environmental Protection Agency (EPA)
226,Evidence-based Home Visiting
226,Head Start
226,"Maternal, Infant, and Early Childhood Home Visiting Program (MIECHV)"
226,OMB A-133 Compliance Supplement
226,Strengthening Accountabilityin the Glocal Economy (SAGE) Fund
226,Temporary Assistance for Needy Families (TANF)
226,Uniform Guidance (45 CFR Part 75)
227,Community Health Center (CHC)
227,Environmental Protection Agency (EPA)
227,Evidence-based Home Visiting
227,Health Centers (BPHC)
227,"Maternal, Infant, and Early Childhood Home Visiting Program (MIECHV)"
228,Deep Foundations Institute (DFI)
228,Enterprise Resource Programs (ERP)
228,Evidence-based Home Visiting
228,"Maternal, Infant, and Early Childhood Home Visiting Program (MIECHV)"
229,Enterprise Resource Programs (ERP)
229,Evidence-based Home Visiting
229,"Maternal, Infant, and Early Childhood Home Visiting Program (MIECHV)"
230,Enterprise Resource Programs (ERP)
230,Evidence-based Home Visiting
230,Federal Highway programs
230,"Maternal, Infant, and Early Childhood Home Visiting Program (MIECHV)"
231,Enterprise Resource Programs (ERP)
231,Evidence-based Home Visiting
231,Federal Highway programs
231,"Maternal, Infant, and Early Childhood Home Visiting Program (MIECHV)"
232,"Maternal, Infant, and Early Childhood Home Visiting Program (MIECHV)"
233,Community Health Center (CHC)
233,Environmental Protection Agency (EPA)
233,"Maternal, Infant, and Early Childhood Home Visiting Program (MIECHV)"
233,Uniform Guidance (2 CFR Part 200)
234,Department of Energy (DOE)
234,Enterprise Resource Programs (ERP)
234,Environmental Protection Agency (EPA)
234,General Services Administration (GSA)
234,Government Accountability Office (GAO)
234,"Maternal, Infant, and Early Childhood Home Visiting Program (MIECHV)"
235,Corporation for National and Community Service (CNCS)
235,"Maternal, Infant, and Early Childhood Home Visiting Program (MIECHV)"
236,"Maternal, Infant, and Early Childhood Home Visiting Program (MIECHV)"
237,"Maternal, Infant, and Early Childhood Home Visiting Program (MIECHV)"
238,Environmental Protection Agency (EPA)
238,Head Start
238,"Maternal, Infant, and Early Childhood Home Visiting Program (MIECHV)"
238,Uniform Guidance (45 CFR Part 75)
239,"Maternal, Infant, and Early Childhood Home Visiting Program (MIECHV)"
239,Uniform Guidance (45 CFR Part 75)
240,Environmental Protection Agency (EPA)
240,Head Start
240,"Maternal and Child Heath (MCHB, ACF)"
240,"Maternal, Infant, and Early Childhood Home Visiting Program (MIECHV)"
240,Uniform Guidance (45 CFR Part 75)
241,Early Head Start
241,Head Start
241,"Maternal, Infant, and Early Childhood Home Visiting Program (MIECHV)"
241,Uniform Guidance (45 CFR Part 75)
242,Enterprise Resource Programs (ERP)
242,Head Start
242,"Maternal, Infant, and Early Childhood Home Visiting Program (MIECHV)"
242,Uniform Guidance (45 CFR Part 75)
243,Enterprise Resource Programs (ERP)
243,Environmental Protection Agency (EPA)
243,"Maternal, Infant, and Early Childhood Home Visiting Program (MIECHV)"
243,OMB A-133 Compliance Supplement
243,Uniform Guidance (2 CFR Part 200)
